rental_id,predictions
7455565,4051.0
7473295,2356.758333333333
7459804,3403.725
7456330,2177.5658749583754
7443595,3723.2
7502623,2423.4048596783277
7459171,2853.65
7447600,1664.75
7505254,3568.3
7454620,2906.5761904761903
7491007,2302.358501042493
7436347,3219.611756854257
7466659,5615.26
7490248,2638.6692100242076
7492504,3183.0
7526425,3173.1187301587306
7504825,1909.166126946
7497967,1834.75
7490707,3757.8
7474345,2584.9592517453457
7472725,3497.4
7433248,2583.5
7526272,2723.4714285714285
7522357,2924.0178571428573
7525759,2163.4890476190476
7466989,2412.1170833333335
7457077,1998.327380952381
7439674,3619.5089285714284
7518937,3393.416666666667
7443040,2131.05
7479157,2211.5
7483801,4094.0
7474399,1918.3666666666668
7429237,2160.593522311022
7502632,2930.766666666667
7515667,6044.8
7461496,1673.625
7465732,4735.984523809524
7435060,2325.1320251576544
7458226,2679.8945454545456
7445410,2201.0918284738136
7499251,2304.6578528139207
7461037,3905.2
7488733,3657.25
7521874,2257.618968769161
7456558,4052.2
7450864,2567.1666666666665
7494517,1674.4519505494507
7498903,3202.1
7432303,6705.0
7512142,1756.3125
7523689,3122.5
7449199,3085.3333333333335
7470118,1791.546991201402
7444498,2745.0
7459210,1960.4372437133084
7477885,1985.6190476190477
7513372,2554.81
7481134,5152.9
7459324,2367.0659770784773
7488910,2029.25
7486663,1848.261904761905
7477414,1793.6
7454635,2181.417399267399
7473799,2326.333333333333
7461196,2893.7666666666664
7457425,2677.016666666667
7445407,2425.3166666666666
7439704,3419.625
7452571,3034.366869768388
7502347,3545.1
7518376,1532.5
7446019,2594.8983280651673
7521646,4403.7
7434499,3700.0
7482715,3570.1916666666666
7445545,2028.4599999999998
7494901,3321.416666666667
7525078,2349.834959502142
7438381,2304.6578528139207
7442140,3941.6166666666663
7502524,2765.188607731191
7502260,3476.2066666666665
7435072,9578.0
7430758,2257.618968769161
7502443,3010.0
7461880,1891.5416666666667
7513453,2042.2646817147306
7451116,1488.5
7504045,3436.15
7468498,6232.3
7444624,4176.2
7486999,1909.166126946
7494838,2357.7
7489303,2442.9
7438267,2841.222063492063
7473199,1843.1034610956042
7428592,5599.6
7461337,2705.975
7460749,1903.2145670995674
7459465,2584.9592517453457
7454200,3553.75
7452784,2082.5044097650716
7507633,1772.3888888888891
7499707,4223.333333333334
7494871,2302.358501042493
7523899,4307.5
7505395,2708.9666666666667
7434838,6305.0
7458868,3452.5
7496047,2716.0
7455028,1799.6528591650156
7455085,2183.75
7456174,3170.5
7469155,2012.1065873015873
7479886,3672.25
7508587,3567.3142857142857
7486009,3078.0333333333333
7442338,2610.0
7464823,4054.3380952380953
7441951,9004.8
7503928,2086.0127838519766
7449589,3551.0
7430821,3474.0
7499623,4406.5
7457953,3123.4
7428274,4482.8176984126985
7442893,2126.5309101113526
7483291,4686.1
7461025,2191.0171964588894
7469401,2787.861538461538
7483126,3585.0
7505737,3520.0
7463542,3001.1
7446730,2269.5556283959277
7485898,2001.0
7521427,2788.980312049062
7503391,2440.406175029559
7437241,2456.3
7475578,2357.333333333333
7461466,3462.0
7488559,3176.795833333333
7479541,4865.866666666667
7449658,1960.4372437133084
7487395,2214.083333333333
7444927,3420.5
7429288,3023.3333333333335
7500592,2423.7130952380953
7440085,2257.618968769161
7453267,3191.7355263157892
7469326,2734.8
7465006,2125.5011904761905
7457725,2907.5
7466929,3826.8
7503616,4434.3
7428319,2608.4
7467406,3171.0416666666665
7496233,4847.5
7526167,4071.708333333333
7431901,2095.330712233169
7495603,3537.35
7476844,2721.3132936507936
7497298,4851.0
7487479,2607.5583333333334
7439176,2335.4166666666665
7483933,4223.3166666666675
7497910,2157.7147115384614
7429591,2594.8983280651673
7489111,4051.0
7436788,3433.676157270632
7512379,3138.583333333333
7504084,3384.9
7520494,6496.0
7518691,6685.358333333333
7523161,2626.3583333333336
7457662,2864.95
7474786,2353.4666666666662
7462042,2058.8
7509409,4510.4800000000005
7433392,2637.7666666666664
7518970,3765.595238095238
7434418,4027.25
7436077,2738.8
7448752,1909.166126946
7507612,3445.825
7489837,4756.5
7477345,2367.875
7465306,4031.0
7509745,4551.051028138528
7464004,6307.1
7524127,1977.4802624253098
7439410,3064.6166666666663
7509091,2553.507203221911
7462693,2594.8983280651673
7468843,3916.5
7455427,3597.75
7437487,3757.1
7459903,2748.3
7448014,2012.6681818181817
7522789,2765.188607731191
7430842,5665.666666666666
7450072,3373.8
7466944,4409.5666666666675
7475200,3630.5333333333338
7497190,5615.26
7510060,3599.5
7500163,3751.625
7499302,3520.0
7515844,2950.25
7465171,3445.0
7520419,7064.5
7496056,4111.0
7446301,1821.9166666666665
7433869,4669.25
7453876,3637.0
7518577,2269.5556283959277
7484767,2668.333333333333
7452994,3571.3833333333337
7478860,4221.193650793651
7432561,4132.5
7506658,4626.0
7514299,3759.0
7459348,6325.0
7457509,2500.829365079365
7473550,2622.0
7522909,5913.625
7442284,6967.0
7468207,2668.333333333333
7438996,1680.3611111111109
7451857,3912.8
7500499,2015.8333333333333
7451497,2986.210245310245
7447138,2095.0
7500460,2858.416666666667
7491028,3306.606158008658
7469533,2413.166666666667
7523344,1796.853571428571
7445062,1793.7448675213677
7467043,1731.9285714285713
7478065,2599.0
7474738,2861.499383618129
7491232,2500.0
7504657,10075.85
7496680,3597.8900000000003
7482862,2821.3666666666663
7481896,1620.7916666666665
7492579,1858.5
7482622,2284.883269508269
7481044,2548.741437451438
7499755,2660.583333333333
7447573,2095.330712233169
7515724,2042.2646817147306
7486351,3700.0
7451218,1981.2596032643826
7515250,2746.1
7446835,3087.017857142858
7487320,4125.0
7495342,2583.0
7520392,2082.5044097650716
7440925,3562.0130952380946
7441153,3231.5
7468378,2452.3082497212936
7519360,1795.05935885656
7491457,6802.5
7452802,3295.6
7438003,6886.9
7428508,4659.5
7478731,2257.618968769161
7478917,4201.466666666667
7469392,8717.5
7485754,3798.8
7503991,4703.333333333334
7459273,4492.7
7523044,2042.2646817147306
7461745,3615.0
7477003,1960.4372437133084
7429963,2452.3082497212936
7477372,3046.9777777777776
7439656,2957.964477453904
7441615,8994.5
7466533,4859.1
7458991,3009.4335319852535
7517233,3786.375
7520587,2584.9592517453457
7498735,3768.3
7438477,2712.030531671201
7467103,2349.834959502142
7504594,3800.0
7505833,2054.0
7484287,4352.571428571429
7460593,2840.333333333333
7504675,1728.4700343072277
7485427,3022.4166666666665
7434640,3830.475
7466623,3691.0
7524631,4869.8
7459051,3723.8
7438939,2592.0326241134753
7482130,2519.1
7484131,2231.6147141012625
7454077,4520.9
7472128,1566.9203263282984
7449169,4185.7
7486975,5284.5
7484500,3045.3
7516732,4164.9
7428985,2849.5000000000005
7474408,3179.107692307692
7435396,4794.45
7484464,2037.9148461969248
7454980,2232.685433813652
7444186,3861.6340476190476
7433704,2341.8875
7446880,13169.0
7468243,2592.2678571428573
7521919,6041.0
7438519,2805.7714285714287
7523473,4923.0
7446913,5137.9
7463101,2923.0
7453729,1805.9339743589742
7464859,5096.666666666667
7465084,6218.5
7449466,2149.8762652429828
7486744,2751.233333333333
7452856,1905.0
7505170,21250.0
7485361,3424.0
7522447,3643.15
7429417,2861.499383618129
7490803,3474.0
7479712,5742.9
7505866,2191.0171964588894
7441723,2126.6666666666665
7445857,2580.8666666666663
7432411,4371.0
7495618,3619.5089285714284
7491205,7606.933333333334
7463587,1933.3935882116507
7464766,3481.25
7510696,4069.5
7476250,3073.4553759965524
7429258,2371.5666666666666
7481980,1755.7696428571428
7437793,3030.831150793651
7491691,2124.4666666666662
7431544,2594.8983280651673
7430869,5270.0
7493533,3634.5333333333338
7450318,2213.2231201962704
7436338,4685.475
7475452,3357.520555555556
7472254,2228.5397619047617
7484395,3026.3
7454095,3930.5
7495051,3857.2566666666667
7433407,2320.0
7483882,2602.8
7472614,1674.4519505494507
7454227,2492.861111111111
7495090,3996.9
7461919,1930.4363095238095
7514611,2835.75
7441906,3077.004042632204
7484479,2986.210245310245
7511641,4761.205506081895
7524268,2112.4988906926405
7437511,3012.9769841269845
7435846,2674.4
7521358,1571.5892857142858
7454965,2609.3565331890336
7496668,14149.0
7450321,2302.358501042493
7449181,1784.25
7455925,2470.625
7449874,2620.245626187538
7517239,1933.3935882116507
7439260,3009.4335319852535
7495072,2067.5743996189217
7469539,2236.320935643126
7457773,3030.831150793651
7461742,1796.5
7431043,1628.2518237318236
7435375,4621.042857142857
7483195,3273.5625
7470727,1872.3694444444445
7509406,1607.0416666666665
7447402,2765.188607731191
7477765,2404.1
7521538,2247.7349999999997
7520935,4539.933333333333
7486417,2527.3
7431961,2037.9148461969248
7453123,2533.5
7513069,1933.3935882116507
7510705,3421.653846153846
7517389,3275.775
7498852,3762.5
7482625,4136.75
7491373,2581.3
7492234,4669.25
7490362,2482.82328844616
7484377,3009.3
7495729,4485.541666666666
7429174,2616.5894736842106
7478503,3308.5
7465477,2211.752380952381
7438216,2362.7102020038783
7474279,4166.85
7431244,2639.111551316331
7462531,5327.655000000001
7485499,3212.754761904762
7480960,2095.330712233169
7463584,3754.0666666666666
7518280,2749.1406410256413
7462165,2696.501923076923
7485103,3110.75
7453735,2669.5620600414077
7475206,2127.6647800517303
7483141,2416.8081881520584
7490623,2328.8840413920393
7465708,2329.94584602532
7464019,2257.618968769161
7466620,1872.3694444444445
7525567,3482.0
7478245,2805.742822977676
7510474,1622.1696428571427
7453762,2247.7349999999997
7513057,1573.9959999999999
7456996,4018.525
7484644,2550.9333333333334
7465381,2802.083333333333
7467373,2304.6578528139207
7483003,2094.3716242642486
7500601,3727.375
7482259,3496.2
7483159,5983.0142857142855
7478539,2876.541666666667
7443886,3144.2111111111108
7431037,1697.0
7501825,2511.8507467532468
7484383,2328.8840413920393
7438777,1727.7677988677988
7522885,2865.3287968975465
7434523,2898.166666666667
7522174,2127.6647800517303
7491952,3779.0
7456825,3960.3
7470232,3051.2845454545454
7506949,5477.533333333333
7457344,4007.503968253968
7500970,2633.8
7494541,3160.0
7503529,2716.2892857142856
7501516,2885.614017124087
7443847,2989.272857142857
7504567,3931.15
7509160,1578.6840909090909
7479787,2170.9714285714285
7462234,2994.9
7448005,6398.12
7479469,3849.6333333333337
7486423,2634.666666666667
7510423,5245.0
7483285,2650.4
7521928,3753.371666666666
7518400,2725.0
7502671,2037.9148461969248
7487875,2155.99
7505332,3115.0
7443985,2732.8385714285714
7525774,2957.964477453904
7465072,5052.6466666666665
7511860,2430.208333333333
7510459,2837.5714285714284
7457380,2194.095238095238
7450813,2863.523358585858
7469848,3335.0041666666666
7472542,3399.861111111111
7497859,2798.2521241830063
7512139,10676.5
7474987,3063.1
7455826,2032.7571428571428
7456957,2495.21978810663
7473631,2835.75
7492438,2584.94553030303
7438219,3357.520555555556
7431685,3878.273809523809
7483927,5426.0
7482145,3099.3066666666664
7464847,2908.1666666666665
7467430,3240.2
7477744,2160.416666666667
7464673,15375.0
7460932,1950.0
7455985,1816.5150483958764
7513000,2829.875
7498723,2147.4102861811393
7459582,3563.1333333333337
7466653,3008.79054099678
7473607,3300.0
7519606,3757.163690476191
7481377,5746.307142857143
7431463,2734.0
7445587,2012.1065873015873
7442134,3021.8
7518013,2839.0
7482025,3086.8
7462813,1770.0137481962483
7467247,3385.5
7457011,3326.7
7464547,3359.1
7506769,3793.0
7517386,3208.1944444444443
7502689,3178.6
7465441,3682.2300000000005
7493404,3218.2
7497694,3413.7
7509568,1678.5131944444445
7471510,2549.666666666667
7445854,3135.8
7494796,2252.9191916284562
7437994,2224.3253282123414
7450609,2818.9
7486267,4112.2
7510153,3205.0
7502038,2094.3716242642486
7467094,3938.4
7437229,2797.7676767676767
7514203,2301.547777777778
7446901,1909.166126946
7466893,4210.938095238094
7456342,3660.8
7486801,3008.79054099678
7506916,3567.3142857142857
7442215,4965.85
7440868,2285.780222089314
7515178,7235.0
7483621,4195.0
7514578,2336.5666666666666
7502446,2594.8983280651673
7451995,2691.6338095238098
7447285,2685.2
7495015,3935.0
7518631,2351.09380952381
7476442,2155.99
7469572,5424.6
7451230,2758.0
7489279,3433.676157270632
7513108,3020.0
7433668,2046.877857142857
7451956,2576.3
7475107,2231.6147141012625
7446811,2691.6338095238098
7516117,3271.3166666666666
7518820,2812.833333333333
7438684,6871.85
7483327,3610.166666666667
7466005,1908.0134111721613
7435339,2673.6174679487185
7437013,3433.676157270632
7451191,4077.8
7471774,3783.25
7439044,4544.5
7512625,3259.0
7485943,2539.595713453213
7523248,4699.457142857143
7500229,1578.6840909090909
7500739,2580.6291666666666
7514761,2877.129579831933
7483363,5989.5
7439683,3293.1
7505323,3447.1
7464757,4288.15
7510219,3219.611756854257
7511812,1793.7448675213677
7445182,2245.007600732601
7449931,1473.75
7453216,2795.211875532822
7497580,5198.9
7488331,2423.4048596783277
7464217,2453.9285714285716
7437187,2617.666666666667
7524343,2149.8762652429828
7430311,10078.5
7475704,3964.825
7495531,2232.685433813652
7445446,2081.6666666666665
7466968,5177.7
7482874,2423.0
7523158,2040.3194444444446
7445167,3356.428571428571
7466572,2871.0
7446427,1674.4519505494507
7469695,1887.2333333333331
7509220,5207.791666666667
7473697,2585.3181818181815
7437958,3004.893650793651
7513429,4007.166666666667
7440802,2672.0
7461127,3896.5
7429555,2271.4380411255415
7518394,2894.5618198206294
7475695,2549.4
7508416,2691.8035714285716
7428703,1983.8933057712104
7481110,2494.2657134532133
7495096,2661.5
7502551,1903.2145670995674
7465438,3845.813333333333
7469458,2550.0
7444450,2138.6116666666667
7431652,3034.366869768388
7430872,2882.4416666666666
7466200,6006.333333333334
7473145,1983.8933057712104
7441375,1945.0
7500955,2290.766666666667
7439575,3516.9800000000005
7449394,2915.55
7482328,2177.5658749583754
7437115,9781.2
7468804,2894.5618198206294
7515739,2252.9191916284562
7483495,1784.4870634920633
7498804,1868.8166666666668
7517179,2060.3949080086577
7458169,2829.875
7436305,3124.0285714285715
7430611,4980.16
7522369,2651.4257722463294
7463638,9385.6
7515022,2162.8538389714863
7456927,2246.76354159901
7508488,2805.9
7504684,2584.9592517453457
7473562,2282.280158681578
7433215,4438.666666666667
7514143,3392.4
7508371,1780.6970238095241
7474774,1909.166126946
7449346,2576.8
7457917,2946.6
7514836,4375.046666666667
7525597,2863.716666666667
7447171,2762.9644268774705
7443286,4234.0
7512910,2285.780222089314
7503424,5320.95
7477984,4230.6
7449361,2552.4083333333338
7440355,2660.345238095238
7475218,5519.3
7474549,2551.373390020499
7472083,3498.3
7440322,2678.1
7513768,2705.7668115840493
7477543,4085.0
7492906,3988.0
7520047,9578.0
7497886,3355.0
7521091,3697.2
7502230,2226.6507936507937
7483222,3001.7666666666664
7445098,3690.15
7448416,4729.2
7511608,3745.1166666666672
7457296,2481.674285714286
7488793,3362.625
7525276,1982.0833333333335
7454878,2633.5833333333335
7508983,3634.3333333333335
7524847,2452.3082497212936
7499848,3089.2601720175244
7464802,2754.773283998284
7459588,3834.0
7499431,2630.0
7447831,4551.8
7477045,3581.0166666666673
7462696,2705.7668115840493
7506775,3535.816666666667
7519693,3231.25
7522114,9720.7
7431787,2325.583331149838
7506604,6811.5
7451101,4701.900000000001
7453510,1715.3030382775119
7463353,2423.4048596783277
7446400,1566.9203263282984
7506664,3604.0666666666666
7494439,2102.759288791274
7453312,5409.0
7526140,2094.3716242642486
7452541,2762.359090909091
7513006,6955.4
7485919,7033.333333333334
7511632,3682.2300000000005
7490908,3389.0
7471507,4012.8
7523752,2037.9148461969248
7441912,2081.6666666666665
7445944,2140.116431648417
7460767,1909.166126946
7446259,3752.5
7462783,2551.373390020499
7505563,5100.0
7496194,3009.4335319852535
7433260,2361.1666666666665
7441807,2408.6137662337665
7520488,3420.3
7439983,3023.0583333333334
7512100,3043.8375
7495222,3183.5155122655124
7498003,3305.0
7451845,4098.25
7471072,7524.5
7503238,2067.5743996189217
7498453,12259.4
7442662,6281.5
7493803,3597.5
7464232,5958.0693376068375
7474831,4928.8
7462066,3131.7
7489261,2997.866666666667
7510816,2841.222063492063
7483483,3770.0
7472671,3250.85
7466995,3578.75
7439440,2175.4167138417138
7432444,3628.0
7438087,2885.614017124087
7439527,2933.6004415584416
7477960,4613.992857142857
7466287,2232.685433813652
7455385,2616.5894736842106
7503409,3003.0
7503643,9955.0
7508503,3306.606158008658
7478074,7360.0
7490719,2133.6623809523808
7470130,1981.2596032643826
7438789,5033.4
7519465,5411.55
7428838,5671.4
7457467,2887.4
7481725,3049.5
7438504,2047.9166666666665
7444402,2500.829365079365
7523311,1983.8933057712104
7480519,23000.0
7496269,5487.8
7503739,5280.9
7448575,2861.499383618129
7457041,3034.366869768388
7499338,1640.0
7506631,3603.1
7501480,1868.8166666666668
7480441,3958.2
7517593,8958.5
7453675,2406.6369047619046
7458598,5902.833333333334
7479466,2697.7458333333334
7464676,3501.9699206349205
7459033,3057.25
7476415,1972.9465517241376
7442380,2766.161111111111
7486471,2213.2231201962704
7479439,3928.75
7478413,3024.4
7498450,4508.3
7474810,1958.5
7442872,2037.9148461969248
7477381,1816.5150483958764
7501600,2617.666666666667
7463785,14599.0
7518928,3118.7999999999997
7454350,6814.9
7467697,7208.925
7518529,3494.5
7428499,3141.9311111111115
7441162,1614.5
7523704,2064.171428571429
7498759,3162.2
7488235,2841.222063492063
7444399,2517.4
7477822,2325.1320251576544
7508038,3252.1601587301584
7507933,4351.7
7460218,1696.8017857142854
7490725,4145.0
7499452,1795.05935885656
7487488,2745.0
7475797,3232.1
7516921,5061.5
7461520,3765.3333333333335
7503865,2479.0
7497145,2255.8591537139337
7446010,2341.375
7469680,2257.618968769161
7496665,7903.4
7433905,5444.0
7505764,2328.4166666666665
7519312,2428.0
7526290,2881.9
7496812,2408.525
7481740,3103.5
7506526,2573.7246424327304
7521166,1727.7677988677988
7431580,8627.9
7456318,1842.201259968102
7483306,1916.7301694465666
7485490,4379.019444444444
7500802,3948.25
7443355,2127.6647800517303
7515619,4791.2
7516924,3357.0
7490779,3305.816666666667
7441486,2214.7479792429795
7466341,2594.8983280651673
7497121,2967.5000000000005
7449520,3267.4583333333335
7453027,1977.4802624253098
7458331,3250.897748917749
7500493,1736.2774193548387
7502881,2254.938174603175
7505338,4014.5
7437982,2044.5585435033258
7483672,2255.8591537139337
7495252,3239.5
7434496,2885.614017124087
7445347,1981.2596032643826
7495363,5379.833333333334
7428859,5333.4
7522444,2062.75
7459801,3341.6
7513042,2957.964477453904
7518043,3543.5
7523320,2163.4890476190476
7525888,1959.202380952381
7509100,2331.7008460253196
7449073,3517.8333333333335
7444318,2118.2737291385088
7437835,2442.9
7459954,2964.3142857142857
7430917,3711.5916666666662
7476889,2157.5
7495708,1983.8933057712104
7495867,2364.0
7510732,2952.354936729937
7481932,2204.0714285714284
7453555,2326.058115262354
7481359,3233.971666666667
7496416,4155.4
7519567,1779.6666666666667
7503934,3443.5
7508674,2494.2657134532133
7521865,2517.779761904762
7511566,4761.205506081895
7441129,3131.516666666667
7477816,3617.2733333333335
7475971,2866.65
7489795,2849.5
7473766,2082.554112554112
7475779,2051.3625
7470277,29050.0
7473259,3145.833333333333
7516006,2830.166666666667
7512058,3026.94673992674
7505590,1848.261904761905
7454356,2905.5
7475116,2877.7
7447774,4043.7666666666673
7458388,1891.5
7456459,3009.4335319852535
7449115,2905.833333333333
7437643,2905.2887541993537
7464325,3995.7
7471852,3031.0
7500250,35349.5
7506415,2452.175
7493827,2103.863888888889
7433473,2986.210245310245
7444408,3962.0
7441642,5419.5
7498249,13883.5
7499395,2680.333333333333
7468408,3769.606060606061
7430188,2482.82328844616
7517479,2675.8333333333335
7454536,4311.5
7484284,2302.358501042493
7458835,2324.462698412698
7350481,3937.3
7516471,5226.0
7467691,2269.5556283959277
7440388,2302.358501042493
7472059,2479.5
7480810,2231.6147141012625
7483021,1937.6098267135087
7449385,2219.3333333333335
7481431,1880.681094771242
7506361,2060.3949080086577
7496215,2168.391865079365
7465390,5132.4
7450675,2552.3809523809527
7453297,2182.8874176370396
7524022,2431.6
7484392,2864.95
7438510,3171.75
7482313,3156.0
7453474,1848.7886398396927
7440943,6117.833333333333
7503829,1878.4
7458280,5789.75
7438411,1795.05935885656
7461412,1720.2
7437634,6600.0
7443097,3138.583333333333
7466269,1908.0134111721613
7451854,4033.3
7518862,3158.7454545454543
7452604,3415.0
7470883,4288.15
7510495,3774.213333333334
7485454,13164.4
7496509,2069.953968253968
7464460,4449.5
7441720,2825.390791558003
7467292,4066.558333333333
7454308,2777.5
7474393,1933.3935882116507
7432672,12420.0
7462552,2408.8738095238095
7473736,3205.5
7464763,4074.933333333333
7489822,2069.6428571428573
7469194,3205.0
7465162,3808.5178571428573
7483513,2966.0066666666667
7472086,3449.6
7504150,2384.38
7455355,2910.7666666666664
7518904,2957.964477453904
7474354,2423.4048596783277
7466524,3609.975
7523452,3034.366869768388
7481356,2255.8591537139337
7469857,2362.647727272727
7519753,2352.4138583638587
7437199,2743.3208297258293
7507393,4831.15
7430455,2997.866666666667
7524517,2898.333333333333
7488694,2195.0
7464034,3644.7619047619055
7457227,3703.5
7449757,3233.6
7498591,2390.4083333333333
7461859,1845.4
7438858,5500.0
7508347,2362.647727272727
7491664,1732.6984126984128
7443535,1978.3821428571428
7462660,2953.242857142857
7517137,2638.5934523809524
7476301,4626.6
7459576,5983.0142857142855
7480249,2848.5116666666668
7471309,2325.583331149838
7452322,2277.9777134956544
7500451,1795.05935885656
7477702,2625.469917582418
7437103,5014.05
7461793,1673.625
7461973,3472.55
7473946,2715.945833333333
7457638,3207.3375
7452988,1977.4802624253098
7510435,2614.9862914862915
7454023,3213.1
7430482,2232.685433813652
7433830,9080.0
7509817,2713.972222222222
7488412,2257.618968769161
7429165,1977.4802624253098
7445374,4644.166666666667
7477567,6647.0
7476448,1799.6528591650156
7439155,4996.408333333334
7498534,2651.0
7479376,3005.5
7439365,3349.2
7489600,2095.330712233169
7478236,2381.0436246867166
7495507,5924.0
7467133,4603.333333333334
7486840,2723.4714285714285
7466107,8410.5
7518310,7227.5
7500763,2805.742822977676
7430761,3563.0
7452124,3422.3333333333335
7462585,2067.5743996189217
7503148,3480.0
7460089,3161.5333333333333
7442890,2037.9148461969248
7525273,1909.166126946
7492477,2999.766666666667
7500736,3104.4649999999997
7429774,3628.0
7438981,2096.1732869907864
7430524,5218.0
7505020,2302.358501042493
7519135,1643.3230248917748
7510651,3304.0
7508209,2531.5
7512340,3567.3142857142857
7432519,3332.6
7507249,6054.0
7497040,1766.6428571428573
7468810,3645.5
7507963,8643.2
7511710,3976.1375
7468063,3584.8583333333336
7516000,2976.5
7446418,2157.7147115384614
7433368,3692.0904761904762
7488967,6434.75
7518298,1977.4802624253098
7512421,3684.25
7501165,1982.5
7478461,3338.8320238095243
7440214,2818.8156257141554
7428607,2765.188607731191
7515514,7052.833333333334
7477366,3034.5898571428575
7523155,2957.964477453904
7463722,6986.9
7431460,2715.945833333333
7501300,3401.504166666667
7438918,2511.3425101214575
7485178,3543.5
7459189,2805.742822977676
7457548,1867.067270264565
7450444,2255.8591537139337
7512859,2726.9531746031744
7453738,3436.4
7446490,1791.546991201402
7470256,3967.3
7471183,6729.0
7444204,3322.6333333333337
7467379,2042.2646817147306
7497883,2423.4048596783277
7475236,2206.172881652661
7449064,3736.05
7511635,4934.1
7478371,4011.1
7491925,2367.0659770784773
7432429,2126.6666666666665
7452577,4663.4
7456390,2986.210245310245
7504138,5207.791666666667
7454746,2666.2107142857144
7511653,4858.35
7489027,3009.5
7520782,2372.866666666667
7523755,2519.9
7499398,2683.9958333333334
7429012,3044.125
7482262,8349.9
7506286,5398.5
7458571,2589.5
7466218,5551.6
7449880,2984.432995512399
7504501,5205.5
7494826,2495.21978810663
7506739,3763.9166666666665
7444438,4051.0
7459129,3332.183928571429
7521409,4679.733333333333
7443124,2765.188607731191
7503679,3351.7
7490011,2231.6147141012625
7526119,3783.25
7514095,2096.1732869907864
7513894,4247.9
7515091,4652.461904761905
7430551,3441.925
7524220,2357.333333333333
7469272,6026.0
7441228,2523.3333333333335
7464343,2844.4
7484917,5641.666666666667
7442770,1977.4802624253098
7526215,4201.325
7430941,3804.0
7434982,3750.0
7428850,4924.1
7482859,4381.25
7506589,4278.900000000001
7449916,3445.5
7500211,3688.033333333333
7505629,2500.0
7460293,2160.416666666667
7491523,4150.0
7479355,2713.2013040880693
7518535,2765.188607731191
7487806,2325.873106060606
7493788,3810.0
7515712,1666.0763888888891
7502161,2428.0
7484005,2112.4988906926405
7497322,2048.3327777777777
7485892,1690.0
7468447,3634.428571428571
7439752,2548.741437451438
7437886,2798.3
7438171,1991.825833333333
7492453,3392.3835317460316
7477321,2012.1393333333333
7504411,2255.8591537139337
7429786,2697.6
7493644,5665.85
7497286,3228.5
7483198,2304.6578528139207
7439458,2377.553758741259
7501177,3215.5
7480159,2485.675
7518640,3085.3333333333335
7456483,3219.2
7465222,3172.525
7489399,2741.6
7469854,6249.0
7431751,4054.3380952380953
7488205,2068.807534905202
7494553,11551.0
7462456,2694.5999999999995
7437853,6288.5
7501753,3071.1894607843137
7474687,3527.3
7484314,1959.038888888889
7440838,1490.5507936507936
7506952,2009.451569892473
7442878,4551.051028138528
7509685,1835.3
7510405,1673.625
7483858,2171.5
7517725,2695.6666666666665
7489927,2333.0142857142855
7515961,1799.6528591650156
7521805,2377.553758741259
7477012,3262.0
7447552,2143.6666666666665
7458952,5516.666666666666
7511950,1982.5
7463593,2024.7815836940833
7490311,2825.390791558003
7520542,3181.2
7483759,1795.05935885656
7442242,2634.3322180134683
7469491,1560.970238095238
7513156,2473.0
7479031,8529.5
7523407,2257.618968769161
7441030,1995.5833333333333
7437418,2550.3333333333335
7478149,2755.0
7429822,2933.6004415584416
7477897,3519.9
7504648,2680.333333333333
7484548,2584.9592517453457
7482973,2695.1
7496122,3034.5898571428575
7513753,5850.0
7508788,4727.983333333333
7470925,2788.5
7433299,3215.9
7431121,1674.4519505494507
7461694,2720.9529411764706
7495753,2094.3716242642486
7496059,3073.1666666666665
7469785,3318.566666666667
7467478,2564.6133333333332
7463692,2594.8983280651673
7473583,2859.6114346764343
7495771,3051.2845454545454
7475101,2905.2887541993537
7440670,2367.0659770784773
7477531,2673.670833333333
7430662,3097.5
7522798,3055.95
7442626,3765.719017094017
7471228,3591.918571428572
7486621,3887.4
7434628,5032.0
7431247,2233.6785714285716
7519090,2584.9592517453457
7449043,2520.6272727272726
7499173,4110.3
7441324,2053.3795238095236
7506727,18349.5
7475470,2867.5
7520932,3029.46
7464832,1701.0
7525738,2640.5
7431181,3494.8
7438798,2812.5
7523224,3328.3
7525120,3760.0
7473703,2435.0
7491718,2839.5066666666667
7452529,2825.1
7454827,4457.7
7492531,3309.1375
7460710,2825.390791558003
7433485,3349.3266666666664
7506823,1931.6666666666665
7490911,2712.030531671201
7473700,3120.7333333333336
7442155,3925.95
7520209,4460.4
7480549,2630.0
7525609,3738.5
7457503,3898.166666666667
7476604,2231.6147141012625
7457203,3341.5
7437073,2095.330712233169
7492411,1933.3935882116507
7477273,3517.261111111111
7495546,2380.0
7459300,3243.75
7493584,3250.0
7485502,2126.5309101113526
7435828,2825.390791558003
7485967,3501.9699206349205
7484248,2861.499383618129
7466611,1875.7857142857144
7447288,4867.0
7490923,3378.6
7516525,2947.6833333333334
7469008,3077.004042632204
7441945,3121.0
7467049,6031.8
7525546,2638.6692100242076
7441690,3717.4
7503676,5771.0
7446304,1867.067270264565
7495519,3026.94673992674
7451824,3401.504166666667
7505104,2933.6923076923076
7446097,2651.4257722463294
7470637,2125.7857142857147
7523449,2584.9592517453457
7438780,2037.9148461969248
7472428,4444.5
7452853,2867.5
7524055,17068.5
7521400,2642.0333333333333
7499593,1827.3333333333333
7442458,3220.0
7455424,4669.25
7443214,3928.75
7511296,2939.6071428571427
7478467,3048.9953769559033
7491982,11085.1
7517290,2722.572727272727
7492267,3203.5
7430818,3537.35
7430251,9129.9
7488835,2231.6147141012625
7489447,2411.186578929623
7525363,1640.0
7453108,3023.3333333333335
7481668,2689.5
7474450,3060.0
7459864,3316.5
7468558,4113.9
7438873,2494.2657134532133
7498090,2893.5
7442977,2683.291666666667
7496272,8765.9
7431001,5270.0
7501144,2147.4102861811393
7489876,1867.5760416666667
7477162,3152.5
7443514,1595.55
7438966,5252.2
7516606,1976.2222222222222
7473943,1984.9333333333332
7483567,4386.65
7442479,2974.3333333333335
7498384,1976.9545634920637
7447744,3174.8
7428595,3685.0
7444396,3349.3266666666664
7476784,1973.6419951627172
7436785,3433.676157270632
7467229,3787.8
7487530,2677.75
7503121,3275.8333333333335
7485007,1872.3694444444445
7485448,3469.0
7453306,1909.166126946
7513954,9129.9
7435639,5188.95
7501174,1789.9180770553837
7468111,3265.078571428571
7471942,3189.9182539682542
7453864,1557.9444003708709
7475626,4644.5
7510930,2024.7815836940833
7518736,1937.6098267135087
7442875,2885.614017124087
7525111,2900.0
7429750,1849.7666666666669
7507207,2670.666666666667
7476952,3614.5
7489951,3008.79054099678
7476487,4685.475
7475023,3435.0
7453582,2095.330712233169
7474708,1627.7222222222222
7428526,1907.0415071040072
7458487,1784.4870634920633
7470052,3805.0
7453303,2534.3
7462108,2416.8081881520584
7432612,1919.9
7519936,2997.866666666667
7465759,2304.6578528139207
7436101,4537.8
7502140,3699.3892857142855
7490485,2315.4816666666666
7430809,3380.0
7499080,2037.9148461969248
7444729,2584.9592517453457
7453822,3955.0916666666662
7432963,2764.1945238095236
7435813,3465.0
7453258,1723.626984126984
7466647,1560.970238095238
7451869,2883.0
7492321,4914.0
7469683,2720.0
7456843,4079.0
7446616,5524.5
7467700,2861.7
7444093,2627.7308333333335
7485358,2429.4767857142856
7472971,3221.8034415584416
7457419,4005.4
7484545,2131.3666666666663
7452607,3565.0
7440901,2674.862857142857
7475584,5356.333333333333
7432879,2592.0326241134753
7440142,2266.9416666666666
7515754,2831.5
7444420,2997.866666666667
7479958,10595.6
7476601,3183.5155122655124
7451893,3785.65
7481017,2983.7987824373768
7472422,4148.675
7478653,2584.25
7440613,2156.8714285714286
7514140,4331.5
7433554,4496.65
7487461,2614.9862914862915
7459549,6748.8
7500742,5198.9
7447981,2699.7816666666668
7519015,2856.375
7432627,2584.9592517453457
7476961,3401.3316666666665
7513552,2191.0171964588894
7495591,3177.5958333333333
7431535,2818.8156257141554
7523758,1933.3935882116507
7429303,3654.291666666667
7477501,1657.6319444444446
7442935,3228.833333333333
7472479,4618.4
7444708,2213.2231201962704
7443316,4282.9
7511092,5340.7
7523740,3474.0
7450456,2328.8840413920393
7445584,1696.8017857142854
7522366,3087.4333333333334
7515865,3155.0
7499125,2883.95
7472653,2868.95
7460584,2141.9196428571427
7447255,4059.85
7503550,3054.041666666667
7466902,2600.0
7457056,2848.5
7465498,2823.166666666667
7492822,2100.0
7435381,2416.8081881520584
7453492,2231.6147141012625
7487221,3254.0
7502863,1818.5214285714287
7508527,4089.131944444444
7462678,7819.5
7435039,3342.2321428571427
7444738,3241.9833333333336
7515466,2000.6333333333332
7483213,2587.9
7462519,3315.6
7473364,4185.75
7480192,3780.0
7432729,2933.6004415584416
7510633,2920.0
7512313,2705.7668115840493
7506856,2408.8738095238095
7450426,2325.583331149838
7435348,3337.5
7473964,2839.7
7513549,2395.0
7431379,2380.9361187423688
7433764,7139.0
7430146,4644.5
7497931,11098.0
7501081,1908.0134111721613
7506049,3667.333333333333
7435867,3720.1309523809527
7470799,2039.2484848484848
7456012,2926.1566666666668
7505335,3447.1
7485088,1810.0
7479751,3288.84
7461244,2634.3322180134683
7457242,1834.5
7459885,3497.4
7432399,3003.6028119103116
7452169,2162.8538389714863
7475008,2551.373390020499
7524241,2423.4048596783277
7441549,3806.6
7469707,1799.6528591650156
7450300,2453.775
7495951,2213.2231201962704
7447144,1805.9339743589742
7462303,3058.3333333333335
7453174,2302.358501042493
7491424,2500.0
7525042,2974.4314285714286
7460419,5668.14
7464403,2538.5607142857143
7526230,1977.4802624253098
7441213,4741.8
7522408,3501.4166666666665
7468402,2037.9148461969248
7503379,2413.91466926793
7463467,3299.5
7523353,2452.3082497212936
7449643,2961.2
7525603,3692.0
7498561,3691.8
7450930,2030.125
7460755,1754.3333333333335
7439740,2688.5666666666666
7507693,1848.7886398396927
7511128,4073.686666666667
7501270,3049.5
7450327,2841.222063492063
7518490,6149.45
7471351,5942.45
7469812,3978.5
7442230,4778.8
7481857,3273.1666666666665
7474495,3172.2
7521586,2163.4890476190476
7457950,3044.0
7444627,2584.9592517453457
7442683,2766.2
7522066,1727.7677988677988
7501711,2175.4167138417138
7483612,2733.9160714285717
7492297,2482.82328844616
7433950,1982.0833333333335
7512469,1897.1666666666665
7443451,2247.7349999999997
7433530,2923.1266666666666
7431133,2331.7008460253196
7499641,4922.033333333333
7495744,4199.5
7433599,2126.5309101113526
7510249,7056.516666666667
7439350,3228.833333333333
7525999,2325.583331149838
7466290,2440.406175029559
7438450,3337.1466666666665
7457218,2579.8416666666667
7465201,5710.0
7431118,2675.0
7431589,6239.5
7443349,2687.4
7468078,6888.94
7436485,2179.916666666667
7525936,2149.8762652429828
7493200,2653.575
7523947,3319.162301587302
7461169,2096.1732869907864
7435207,4361.666666666667
7437481,2584.9592517453457
7510834,2581.0
7524037,2673.5
7485349,1465.0
7439893,3022.0285714285715
7524439,3234.1
7456615,5655.0
7512226,3333.3333333333335
7512676,2282.280158681578
7490260,2711.4933333333333
7507651,6948.5
7505344,5819.9
7498051,2885.614017124087
7436230,4994.5
7430767,3537.0
7475653,4647.0
7444816,2383.31
7453132,2985.45
7473574,2328.8840413920393
7430965,2709.1666666666665
7460455,11949.5
7436146,3927.9
7431508,1916.7301694465666
7474828,4928.8
7463365,3089.2601720175244
7433119,3927.925
7454884,5353.5666666666675
7500331,3905.2
7523767,4164.9
7516294,11695.5
7451770,2811.5
7428598,3247.5
7523038,6087.5
7477279,1575.0
7454071,1622.2916666666667
7507558,3091.0
7513702,2099.65
7459930,2558.0
7488715,3578.75
7468327,2201.0918284738136
7451386,3507.5
7488688,2075.75
7508764,2614.9862914862915
7458931,3664.6916666666666
7434793,3988.5
7520167,2989.272857142857
7504573,6284.8
7429633,3812.725
7485817,6604.5
7497916,3450.3
7513054,1390.0
7514608,2551.966937229437
7449070,2339.9
7433614,3587.022727272727
7509637,2462.829265873016
7428673,2567.5
7439389,2660.345238095238
7455904,8919.3
7429531,1968.28125
7463020,1770.0137481962483
7477909,2762.419047619048
7440562,6149.45
7472521,3228.0
7456090,2285.780222089314
7524082,4522.6
7518805,2232.685433813652
7445335,2905.2887541993537
7500718,2446.2416666666663
7512697,4019.9
7485346,1465.0
7443928,2795.211875532822
7518829,5993.4
7466470,2118.2737291385088
7459492,2591.5
7448650,2708.1684920634916
7482085,2260.4166666666665
7429402,1909.1666666666667
7472206,2079.4628534384765
7432846,1701.0
7492390,3448.4
7493821,2584.94553030303
7463395,2730.661111111111
7487968,2714.833333333333
7463014,1625.3333333333335
7440913,3143.763888888889
7431820,4035.45
7507684,3706.0
7492564,2377.553758741259
7483879,3511.1666666666665
7525600,2889.4875
7467991,1557.9444003708709
7472188,2614.05
7502425,3902.5
7521391,1937.6098267135087
7517197,4048.987801087801
7481848,42150.0
7499296,3631.5
7524178,2411.186578929623
7474084,3082.0464826839825
7516090,13325.0
7482946,1542.781930846931
7495600,3537.35
7512751,2469.761904761905
7452976,4061.1
7511584,4761.205506081895
7441696,4454.4
7522735,2548.4625
7484386,2864.95
7468267,1838.0
7513135,10139.2
7502746,3219.611756854257
7455724,2464.7
7488706,2420.866666666667
7456894,5015.0
7450363,2328.8840413920393
7485001,4378.6
7469788,3657.916111111111
7441384,2156.8714285714286
7447915,2325.1320251576544
7451269,3825.0416666666665
7453423,8927.95
7509886,3516.9321969696975
7466575,4242.733333333334
7444924,3248.6
7489165,3458.5
7429984,4358.65
7429618,3823.5
7486567,6789.1
7485274,2410.0
7457116,1620.7916666666665
7438783,1795.05935885656
7502080,2887.5
7454470,2636.753846153846
7490788,3276.797777777778
7443976,3113.808336247086
7479562,2182.8874176370396
7485112,3750.0
7442071,2765.188607731191
7470511,3128.333333333333
7487218,3974.2916666666665
7432972,2304.6578528139207
7491046,1983.8933057712104
7524394,2375.7
7491370,4652.461904761905
7506109,2378.084047619048
7477660,2325.583331149838
7451110,2500.829365079365
7474792,2440.406175029559
7502992,3318.227777777777
7478068,3521.0
7473682,2067.5743996189217
7491622,2430.208333333333
7461091,3744.5
7476580,2798.1666666666665
7453150,4473.5
7488859,8959.5
7465219,3752.75
7441102,4806.9
7472515,4456.571428571428
7505308,4297.5
7440658,1510.0
7435837,2853.1333333333337
7459123,2592.2678571428573
7522858,3949.5
7497352,2245.1249999999995
7442947,3143.763888888889
7436509,2178.7
7484401,3437.154761904762
7503439,2040.3194444444446
7442989,2519.8748015873016
7448251,2882.666666666667
7512475,1894.2850000000003
7450600,2736.3
7481332,2416.8081881520584
7507222,3130.0
7461385,2473.4459548784553
7524883,3589.9
7524649,1756.3125
7450690,3034.5898571428575
7448083,1770.0137481962483
7459513,13545.9
7465903,2231.6147141012625
7500280,2604.375
7484905,3702.233730158731
7509226,2307.15
7499371,1845.2114556458037
7439491,3577.7111111111108
7467976,3956.6333333333328
7508863,3334.0
7491850,3000.097647058824
7503871,3501.4166666666665
7452910,2022.6666666666665
7467811,3235.65
7516741,3560.0
7498858,2411.186578929623
7513468,3576.5716666666667
7445830,5540.0
7455742,1734.9331002331005
7479430,3320.5
7437484,1752.0833333333333
7488259,1909.166126946
7513840,2228.5397619047617
7508869,1888.5880000000002
7438165,1870.578830891331
7487062,3950.0
7489006,6703.0
7472656,2868.95
7511701,2798.2521241830063
7472305,4716.5
7460818,1778.75
7450801,6818.333333333334
7509007,2702.1
7476811,1937.6098267135087
7429573,2764.1945238095236
7462699,1566.9203263282984
7430773,3700.35
7439722,3174.8
7437214,2691.035
7472626,2039.1428571428573
7458082,4529.0
7462747,2440.406175029559
7456501,1888.5880000000002
7518223,5050.0
7431256,3837.7857142857147
7447234,2349.834959502142
7485256,2277.9777134956544
7482604,2584.9592517453457
7465684,6455.4
7472101,6573.5
7465801,2147.4102861811393
7509997,2151.9833333333336
7450765,3095.5
7517014,1846.875
7514659,3783.25
7495756,4062.25
7506772,11736.6
7522126,9129.9
7429642,1566.9203263282984
7488586,2343.4749999999995
7451968,2738.8
7515244,2127.6647800517303
7451542,2881.2500000000005
7496482,2060.3949080086577
7434934,2285.780222089314
7454527,1881.2666666666669
7468276,3003.6028119103116
7506478,4011.4375
7476436,1973.6419951627172
7489594,2979.75
7515787,2440.406175029559
7509952,5270.0
7470022,2584.9592517453457
7485586,1937.6098267135087
7518733,2594.8983280651673
7503433,2285.780222089314
7456573,1967.1597222222222
7479475,3087.3
7518010,3680.433333333333
7430416,1853.6666666666667
7455802,2740.0
7465561,2705.05
7487110,2363.9666666666662
7450558,2269.5556283959277
7437844,2791.9777777777776
7455268,2551.373390020499
7434904,3920.2666666666664
7442146,5509.0
7453879,2759.666666666667
7486627,2231.6147141012625
7443910,4229.15
7490113,2082.5044097650716
7503376,2423.7130952380953
7457374,2551.373390020499
7464202,3116.166190476191
7447225,2302.358501042493
7503760,2802.0259130434783
7521637,2222.0
7517416,6993.333333333334
7524175,4305.4
7470280,1794.6666666666667
7475284,2614.6
7515019,2517.779761904762
7472248,4319.976190476191
7481605,3302.911111111111
7524526,4099.733333333333
7523734,3419.5
7441081,2538.211666666667
7502845,3047.5
7515940,3662.5700000000006
7430905,4975.15
7437691,3057.25
7466941,5494.9
7469935,3324.4800000000005
7445929,5060.5
7433686,2423.4048596783277
7480144,2429.0
7431577,1812.6733405483405
7461913,5392.323809523809
7431496,2526.766666666667
7483534,2082.5044097650716
7472980,2885.0
7505728,1982.3454545454545
7444189,2629.5
7484170,3421.653846153846
7490758,2915.55
7444807,2957.964477453904
7434505,3003.6028119103116
7512700,2452.7
7460068,2639.5
7487257,2468.0000000000005
7439560,6780.0
7476265,3292.2
7486915,5773.5
7464712,1620.7916666666665
7456678,2377.553758741259
7494526,2825.390791558003
7456456,6580.8
7516969,1599.0
7443802,2319.379365079365
7518484,2789.126911976912
7481653,1670.7883333333332
7428688,3278.5
7462105,2068.807534905202
7450855,2457.666666666667
7477390,2915.55
7437619,1991.053739316239
7505182,3665.0
7502152,3582.8833333333337
7468468,2180.0
7499068,2936.5
7473598,1835.125
7435978,4164.5
7454617,2012.1065873015873
7458592,7818.5
7498345,2182.8874176370396
7469161,2362.7102020038783
7429123,5478.0
7491139,2689.166666666667
7508278,2693.8
7508305,2069.953968253968
7468786,3026.0
7485073,6331.1
7485238,2346.233333333333
7431394,2398.3
7490395,2042.2646817147306
7495306,4551.051028138528
7466680,2841.222063492063
7522534,3592.0
7472080,2618.2
7452982,2037.9148461969248
7432177,3066.8
7522867,2282.280158681578
7499425,3528.7
7446478,3684.4
7482628,3322.0955627705625
7510222,18700.0
7491631,2638.0000000000005
7518826,1909.166126946
7462504,2595.0
7481704,3652.658333333333
7463563,4514.0
7444018,2102.759288791274
7470001,3433.676157270632
7464829,1996.9733333333334
7507741,2835.496894450579
7456087,5383.166666666667
7520014,2380.9361187423688
7508188,2299.5
7508848,4629.5
7514227,2440.55
7488769,2282.280158681578
7465051,2326.058115262354
7467199,3671.5
7518718,5607.433333333333
7456726,2720.458333333333
7441609,2842.7666666666664
7513060,2325.583331149838
7503460,2325.583331149838
7474462,3338.8320238095243
7521337,4766.5
7488574,3357.520555555556
7525312,2698.657142857143
7518235,3673.5
7451428,17525.0
7435873,3718.5
7518895,1888.5880000000002
7502767,1578.6840909090909
7502851,1715.3030382775119
7441693,4373.0199999999995
7497361,2675.8333333333335
7468162,2541.0
7489141,4975.1
7500334,3541.4
7490977,2659.0
7429069,2594.8983280651673
7449253,2040.3194444444446
7439758,2981.075
7525588,2084.288888888889
7497247,3646.2166666666662
7455877,2495.21978810663
7523554,3197.766666666667
7467010,2500.5
7523476,3692.0904761904762
7510045,2285.780222089314
7488484,3874.2
7513144,2639.7083333333335
7437904,1776.9160714285713
7473958,2707.5
7450129,3896.2
7506844,3710.8
7453129,2471.874988344988
7469512,2869.756666666667
7462486,3657.5
7514677,1937.6098267135087
7515487,1566.9203263282984
7453045,3305.6
7443655,1856.7207792207791
7460656,1747.511904761905
7430932,3163.758333333333
7512949,3536.6375
7443067,4166.85
7467298,4391.7
7474693,4469.1
7510594,2765.188607731191
7474789,3985.875
7430920,4981.5
7524421,2548.741437451438
7438405,2225.106666666667
7515538,3639.525
7444456,1818.5214285714287
7444096,1747.511904761905
7445242,3580.7
7493542,2527.038117588933
7446094,2231.6147141012625
7469536,3059.1122294372294
7436848,2191.0171964588894
7516999,13599.0
7464886,3481.0
7492594,24948.0
7462282,1933.3935882116507
7436443,3397.25
7516882,2543.0
7462501,7387.5
7430791,2747.2166666666667
7467424,3608.125
7486549,2247.7349999999997
7507399,3706.8
7481410,1957.2020354774224
7470349,3136.625
7460911,7475.0
7454692,3385.95
7438345,3942.5
7498201,3404.75
7476445,2155.99
7461481,1710.0
7523902,2956.980952380952
7519804,1694.4833333333336
7459540,3677.750000000001
7445677,2584.9592517453457
7438231,4972.366666666667
7503019,3310.6666666666665
7471195,3216.0
7471987,2744.6083333333336
7496794,4145.0
7525540,2041.8028721278722
7454461,5712.360000000001
7467763,3555.841071428571
7498036,2350.121052631579
7507804,4164.766666666666
7495765,3681.7
7459861,4032.3
7490122,4467.8
7446049,1937.6098267135087
7466326,2859.33125
7508632,3338.8320238095243
7448704,2856.375
7509469,2614.9862914862915
7441246,12990.0
7471120,3020.8
7494949,2390.517259408548
7523983,2407.7
7477792,2254.938174603175
7524433,5226.0
7489792,2803.1
7520962,2294.459444444444
7499236,1816.5150483958764
7429144,8202.0
7474711,2986.210245310245
7455124,2231.6147141012625
7443016,3123.6
7480876,2367.5
7443379,2568.916666666667
7450378,4875.0
